Workbook
Name Accept: 'Overall Decision (MPU)'!$B$15
Name Fail: 'Overall Decision (MPU)'!$F$13
Name Fail_and_Revise: 'Overall Decision (MPU)'!$B$18
Name Major_Revision: 'Overall Decision (MPU)'!$E$13
Name Minor_Revision: 'Overall Decision (MPU)'!$D$13
Name Pass: 'Overall Decision (MPU)'!$C$13
Name Pass_and_Revise: 'Overall Decision (MPU)'!$B$17
Name Reject: 'Overall Decision (MPU)'!$B$16

Sheet Overall Decision (UC)
A2: Thesis Defence Overall Decision for Qualitative Grading
B3: 46202
C5: Distinction and Honours | D5: Distinction | E5: Approved | F5: Fail
A6: Chair | B6: Prof. Wei Ke
A7: Examiner | B7: Prof. Bo Liu
A8: Examiner | B8: Prof. Luísa Coheur
A9: Examiner | B9: Dr. Patrick Cheong Iao Pang
A10: Examiner | B10: Prof. Catarina Silva
A11: Supervisor | B11: Dr. Yapeng Wang
A12: Supervisor | B12: Prof. Hugo Gonçalo Oliveira
A13: Total voting Result | C13: =COUNTIF(C6:C12,"X") -> 0 | D13: =COUNTIF(D6:D12,"X") -> 0 | E13: =COUNTIF(E6:E12,"X") -> 0 | F13: =COUNTIF(F6:F12,"X") -> 0
A14: The secretary only needs to fill in the yellow area accroding to the "Internal Ballot Form for Qualitative Grading" with "X".
A16: Overall Decision | C16: Distinction and Honours | D16: Distinction | E16: Approved | F16: Fail
C17: =IF(C13 > 3.5,"X","") -> 0 | D17: =IF(AND(C13 < 3.5,C13+D13>3.5),"X","") -> 0 | E17: =IF(AND(F13 < 3.5,F13+E13>3.5),"X","") -> 0 | F17: =IF(F13 > 3.5,"X","") -> 0

Sheet Overall Decision (MPU)
A1: Date | B1: 46202
A2: Candidate | B2: Keyan Jin
A3: Thesis | B3: Improving the Reliability and Accuracy of Dialogue-Based Natural Language Generation
C5: Pass | D5: Minor Revision | E5: Major Revision | F5: Fail
A6: Chair | B6: Prof. Wei Ke
A7: Examiner | B7: Prof. Bo Liu
A8: Examiner | B8: Prof. Luísa Coheur
A9: Examiner | B9: Dr. Patrick Cheong Iao Pang
A10: Examiner | B10: Prof. Catarina Silva
A11: Supervisor | B11: Dr. Yapeng Wang
A12: Supervisor | B12: Prof. Hugo Gonçalo Oliveira
C13: =COUNTA(C6:C12) -> 0 | D13: =COUNTA(D6:D12) -> 0 | E13: =COUNTA(E6:E12) -> 0 | F13: =COUNTA(F6:F12) -> 0
A15: Accept | B15: =C13+D13 -> 0
A16: Reject | B16: =E13+F13 -> 0
A17: Pass and Revise | B17: =SUM(D13:F13) -> 0
A18: Fail and Revise | B18: =SUM(C13:E13) -> 0
A20: Overall Decision | C20: =IF(AND(Accept>Reject, Pass>Pass_and_Revise), "X","") -> 0 | D20: =IF(AND(Accept>Reject, Pass<Pass_and_Revise), "X","") -> 0 | E20: =IF(AND(Accept<Reject, Fail<Fail_and_Revise), "X","") -> 0 | F20: =IF(AND(Accept<Reject, Fail>Fail_and_Revise), "X","") -> 0
C21: Pass | D21: Minor Revision | E21: Major Revision | F21: Fail
A22: (Revision checked by Panel)
A23: (Revision checked by Supervisor)
H24: The thesis and oral defence demonstrated - a deep and thorough understanding of the research field, - the originality and independence of the work, - rigorous and outstanding argumentation, - a comprehensive evaluation of the work within the field, and - that all are in an integrated, coherent, and appropriate form. | I24: The thesis and oral defence demonstrated - an in-depth understanding of the research field, - the originality and independence of the work, - solid and sound argumentation, - a complete evaluation of the work within the field, and - that major points are delivered in an integrated, coherent, and appropriate form. However, there are still some minor weaknesses in the thesis. | J24: The thesis and oral defence showed - an average understanding of the research field, - the questionable originality of the work, - merely justified argumentation, - an incomplete evaluation of the work within the field, and - that most major points are not well integrated. There are some major weaknesses in the thesis. | K24: The thesis and oral defence did not effectively show - an understanding of the research field, - the originality of the work, - sound argumentation, - an evaluation of the work within the field, and - that major points are integrated and coherent. There are major flaws in the thesis and oral defence.
H26: Pass. | I26: Pass subject to minor modifications, and the revised thesis to be reviewed by the Supervisor. | J26: Pass subject to major revisions. | K26: Fail.
I27: Pass subject to minor modifications, and the revised thesis to be reviewed by the Panel.

Sheet Decision Statement
B2: Thesis Defence Examination Final Resolution Statement
B3: ='Overall Decision (MPU)'!B1 -> 0
B5: ="Based on " & 'Overall Decision (MPU)'!C2 & " " & 'Overall Decision (MPU)'!B2 & "'s thesis titled: """ & 'Overall Decision (MPU)'!B3 & """, and the oral defence, combining the votes of the individual panel members, the panel concludes that:" -> 0
B6: =IF('Overall Decision (MPU)'!C20<>"",'Overall Decision (MPU)'!H24,IF('Overall Decision (MPU)'!D20<>"",'Overall Decision (MPU)'!I24,IF('Overall Decision (MPU)'!E20<>"",'Overall Decision (MPU)'!J24,'Overall Decision (MPU)'!K24))) -> 0
B7: ="Therefore, regarding " & 'Overall Decision (MPU)'!C2 & " " & 'Overall Decision (MPU)'!B2 & "'s thesis defence examination, the panel has reached the final resolution of:" -> 0
B8: =IF('Overall Decision (MPU)'!C20<>"",'Overall Decision (MPU)'!H26,IF('Overall Decision (MPU)'!D20<>"",IF('Overall Decision (MPU)'!D22<>"",'Overall Decision (MPU)'!I27,'Overall Decision (MPU)'!I26),IF('Overall Decision (MPU)'!E20<>"",'Overall Decision (MPU)'!J26,'Overall Decision (MPU)'!K26))) -> 0
